image_url,address_url,addresses
https://ap.rdcpix.com/33cb3ce1fda944eb6660f3416960875cl-m3874086572xd-r3_w60_h60_q80.jpg,https://www.realtor.com/realestateandhomes-detail/100-Black-Mountain-Cir_Fremont_CA_94536_M29175-68174,100-Black-Mountain-Cir_Fremont_CA_94536
https://ap.rdcpix.com/33cb3ce1fda944eb6660f3416960875cl-m1065303919xd-r3_w60_h60_q80.jpg,https://www.realtor.com/realestateandhomes-detail/100-Black-Mountain-Cir_Fremont_CA_94536_M29175-68174,100-Black-Mountain-Cir_Fremont_CA_94536
https://ap.rdcpix.com/33cb3ce1fda944eb6660f3416960875cl-m1401207028xd-r3_w60_h60_q80.jpg,https://www.realtor.com/realestateandhomes-detail/100-Black-Mountain-Cir_Fremont_CA_94536_M29175-68174,100-Black-Mountain-Cir_Fremont_CA_94536
https://ap.rdcpix.com/33cb3ce1fda944eb6660f3416960875cl-m1982132875xd-r3_w60_h60_q80.jpg,https://www.realtor.com/realestateandhomes-detail/100-Black-Mountain-Cir_Fremont_CA_94536_M29175-68174,100-Black-Mountain-Cir_Fremont_CA_94536
https://ap.rdcpix.com/33cb3ce1fda944eb6660f3416960875cl-m1667225455xd-r3_w60_h60_q80.jpg,https://www.realtor.com/realestateandhomes-detail/100-Black-Mountain-Cir_Fremont_CA_94536_M29175-68174,100-Black-Mountain-Cir_Fremont_CA_94536
https://ap.rdcpix.com/33cb3ce1fda944eb6660f3416960875cl-m3496022374xd-r3_w60_h60_q80.jpg,https://www.realtor.com/realestateandhomes-detail/100-Black-Mountain-Cir_Fremont_CA_94536_M29175-68174,100-Black-Mountain-Cir_Fremont_CA_94536
https://ap.rdcpix.com/33cb3ce1fda944eb6660f3416960875cl-m3940178193xd-r3_w60_h60_q80.jpg,https://www.realtor.com/realestateandhomes-detail/100-Black-Mountain-Cir_Fremont_CA_94536_M29175-68174,100-Black-Mountain-Cir_Fremont_CA_94536
https://ap.rdcpix.com/33cb3ce1fda944eb6660f3416960875cl-m2250719783xd-r3_w60_h60_q80.jpg,https://www.realtor.com/realestateandhomes-detail/100-Black-Mountain-Cir_Fremont_CA_94536_M29175-68174,100-Black-Mountain-Cir_Fremont_CA_94536
https://ap.rdcpix.com/33cb3ce1fda944eb6660f3416960875cl-m310964043xd-r3_w60_h60_q80.jpg,https://www.realtor.com/realestateandhomes-detail/100-Black-Mountain-Cir_Fremont_CA_94536_M29175-68174,100-Black-Mountain-Cir_Fremont_CA_94536
https://ap.rdcpix.com/33cb3ce1fda944eb6660f3416960875cl-m3790738440xd-r3_w60_h60_q80.jpg,https://www.realtor.com/realestateandhomes-detail/100-Black-Mountain-Cir_Fremont_CA_94536_M29175-68174,100-Black-Mountain-Cir_Fremont_CA_94536
https://ap.rdcpix.com/33cb3ce1fda944eb6660f3416960875cl-m544994688xd-r3_w60_h60_q80.jpg,https://www.realtor.com/realestateandhomes-detail/100-Black-Mountain-Cir_Fremont_CA_94536_M29175-68174,100-Black-Mountain-Cir_Fremont_CA_94536
https://ap.rdcpix.com/33cb3ce1fda944eb6660f3416960875cl-m2509172386xd-r3_w60_h60_q80.jpg,https://www.realtor.com/realestateandhomes-detail/100-Black-Mountain-Cir_Fremont_CA_94536_M29175-68174,100-Black-Mountain-Cir_Fremont_CA_94536
https://ap.rdcpix.com/33cb3ce1fda944eb6660f3416960875cl-m3728722973xd-r3_w60_h60_q80.jpg,https://www.realtor.com/realestateandhomes-detail/100-Black-Mountain-Cir_Fremont_CA_94536_M29175-68174,100-Black-Mountain-Cir_Fremont_CA_94536
https://ap.rdcpix.com/33cb3ce1fda944eb6660f3416960875cl-m4202808900xd-r3_w60_h60_q80.jpg,https://www.realtor.com/realestateandhomes-detail/100-Black-Mountain-Cir_Fremont_CA_94536_M29175-68174,100-Black-Mountain-Cir_Fremont_CA_94536
https://ap.rdcpix.com/33cb3ce1fda944eb6660f3416960875cl-m1111300636xd-r3_w60_h60_q80.jpg,https://www.realtor.com/realestateandhomes-detail/100-Black-Mountain-Cir_Fremont_CA_94536_M29175-68174,100-Black-Mountain-Cir_Fremont_CA_94536
https://ap.rdcpix.com/33cb3ce1fda944eb6660f3416960875cl-m2866799097xd-r3_w60_h60_q80.jpg,https://www.realtor.com/realestateandhomes-detail/100-Black-Mountain-Cir_Fremont_CA_94536_M29175-68174,100-Black-Mountain-Cir_Fremont_CA_94536
https://ap.rdcpix.com/33cb3ce1fda944eb6660f3416960875cl-m1675240710xd-r3_w60_h60_q80.jpg,https://www.realtor.com/realestateandhomes-detail/100-Black-Mountain-Cir_Fremont_CA_94536_M29175-68174,100-Black-Mountain-Cir_Fremont_CA_94536
https://ap.rdcpix.com/33cb3ce1fda944eb6660f3416960875cl-m1235737125xd-r3_w60_h60_q80.jpg,https://www.realtor.com/realestateandhomes-detail/100-Black-Mountain-Cir_Fremont_CA_94536_M29175-68174,100-Black-Mountain-Cir_Fremont_CA_94536
https://ap.rdcpix.com/33cb3ce1fda944eb6660f3416960875cl-m3006548284xd-r3_w60_h60_q80.jpg,https://www.realtor.com/realestateandhomes-detail/100-Black-Mountain-Cir_Fremont_CA_94536_M29175-68174,100-Black-Mountain-Cir_Fremont_CA_94536
https://ap.rdcpix.com/33cb3ce1fda944eb6660f3416960875cl-m3284520058xd-r3_w60_h60_q80.jpg,https://www.realtor.com/realestateandhomes-detail/100-Black-Mountain-Cir_Fremont_CA_94536_M29175-68174,100-Black-Mountain-Cir_Fremont_CA_94536
https://ap.rdcpix.com/33cb3ce1fda944eb6660f3416960875cl-m2547909789xd-r3_w60_h60_q80.jpg,https://www.realtor.com/realestateandhomes-detail/100-Black-Mountain-Cir_Fremont_CA_94536_M29175-68174,100-Black-Mountain-Cir_Fremont_CA_94536
https://ap.rdcpix.com/33cb3ce1fda944eb6660f3416960875cl-m457290400xd-r3_w60_h60_q80.jpg,https://www.realtor.com/realestateandhomes-detail/100-Black-Mountain-Cir_Fremont_CA_94536_M29175-68174,100-Black-Mountain-Cir_Fremont_CA_94536
https://ap.rdcpix.com/33cb3ce1fda944eb6660f3416960875cl-m2861631716xd-r3_w60_h60_q80.jpg,https://www.realtor.com/realestateandhomes-detail/100-Black-Mountain-Cir_Fremont_CA_94536_M29175-68174,100-Black-Mountain-Cir_Fremont_CA_94536
https://ap.rdcpix.com/33cb3ce1fda944eb6660f3416960875cl-m3051028267xd-r3_w60_h60_q80.jpg,https://www.realtor.com/realestateandhomes-detail/100-Black-Mountain-Cir_Fremont_CA_94536_M29175-68174,100-Black-Mountain-Cir_Fremont_CA_94536
https://ap.rdcpix.com/33cb3ce1fda944eb6660f3416960875cl-m3373286298xd-r3_w60_h60_q80.jpg,https://www.realtor.com/realestateandhomes-detail/100-Black-Mountain-Cir_Fremont_CA_94536_M29175-68174,100-Black-Mountain-Cir_Fremont_CA_94536
https://ap.rdcpix.com/33cb3ce1fda944eb6660f3416960875cl-m2084968211xd-r3_w60_h60_q80.jpg,https://www.realtor.com/realestateandhomes-detail/100-Black-Mountain-Cir_Fremont_CA_94536_M29175-68174,100-Black-Mountain-Cir_Fremont_CA_94536
https://ap.rdcpix.com/33cb3ce1fda944eb6660f3416960875cl-m1484534540xd-r3_w60_h60_q80.jpg,https://www.realtor.com/realestateandhomes-detail/100-Black-Mountain-Cir_Fremont_CA_94536_M29175-68174,100-Black-Mountain-Cir_Fremont_CA_94536
https://ap.rdcpix.com/33cb3ce1fda944eb6660f3416960875cl-m2467597600xd-r3_w60_h60_q80.jpg,https://www.realtor.com/realestateandhomes-detail/100-Black-Mountain-Cir_Fremont_CA_94536_M29175-68174,100-Black-Mountain-Cir_Fremont_CA_94536
https://ap.rdcpix.com/33cb3ce1fda944eb6660f3416960875cl-m3230080498xd-r3_w60_h60_q80.jpg,https://www.realtor.com/realestateandhomes-detail/100-Black-Mountain-Cir_Fremont_CA_94536_M29175-68174,100-Black-Mountain-Cir_Fremont_CA_94536
https://ap.rdcpix.com/33cb3ce1fda944eb6660f3416960875cl-m395510155xd-r3_w60_h60_q80.jpg,https://www.realtor.com/realestateandhomes-detail/100-Black-Mountain-Cir_Fremont_CA_94536_M29175-68174,100-Black-Mountain-Cir_Fremont_CA_94536
https://ap.rdcpix.com/33cb3ce1fda944eb6660f3416960875cl-m1358400703xd-r3_w60_h60_q80.jpg,https://www.realtor.com/realestateandhomes-detail/100-Black-Mountain-Cir_Fremont_CA_94536_M29175-68174,100-Black-Mountain-Cir_Fremont_CA_94536
https://ap.rdcpix.com/33cb3ce1fda944eb6660f3416960875cl-m3695102493xd-r3_w60_h60_q80.jpg,https://www.realtor.com/realestateandhomes-detail/100-Black-Mountain-Cir_Fremont_CA_94536_M29175-68174,100-Black-Mountain-Cir_Fremont_CA_94536
https://ap.rdcpix.com/33cb3ce1fda944eb6660f3416960875cl-m2551097608xd-r3_w60_h60_q80.jpg,https://www.realtor.com/realestateandhomes-detail/100-Black-Mountain-Cir_Fremont_CA_94536_M29175-68174,100-Black-Mountain-Cir_Fremont_CA_94536
https://ap.rdcpix.com/33cb3ce1fda944eb6660f3416960875cl-m2001897734xd-r3_w60_h60_q80.jpg,https://www.realtor.com/realestateandhomes-detail/100-Black-Mountain-Cir_Fremont_CA_94536_M29175-68174,100-Black-Mountain-Cir_Fremont_CA_94536
https://ap.rdcpix.com/33cb3ce1fda944eb6660f3416960875cl-m4264160559xd-r3_w60_h60_q80.jpg,https://www.realtor.com/realestateandhomes-detail/100-Black-Mountain-Cir_Fremont_CA_94536_M29175-68174,100-Black-Mountain-Cir_Fremont_CA_94536
https://ap.rdcpix.com/33cb3ce1fda944eb6660f3416960875cl-m185856241xd-r3_w60_h60_q80.jpg,https://www.realtor.com/realestateandhomes-detail/100-Black-Mountain-Cir_Fremont_CA_94536_M29175-68174,100-Black-Mountain-Cir_Fremont_CA_94536
https://ap.rdcpix.com/33cb3ce1fda944eb6660f3416960875cl-m3908524737xd-r3_w60_h60_q80.jpg,https://www.realtor.com/realestateandhomes-detail/100-Black-Mountain-Cir_Fremont_CA_94536_M29175-68174,100-Black-Mountain-Cir_Fremont_CA_94536
https://ap.rdcpix.com/33cb3ce1fda944eb6660f3416960875cl-m610828166xd-r3_w60_h60_q80.jpg,https://www.realtor.com/realestateandhomes-detail/100-Black-Mountain-Cir_Fremont_CA_94536_M29175-68174,100-Black-Mountain-Cir_Fremont_CA_94536
https://ap.rdcpix.com/33cb3ce1fda944eb6660f3416960875cl-m2330249468xd-r3_w60_h60_q80.jpg,https://www.realtor.com/realestateandhomes-detail/100-Black-Mountain-Cir_Fremont_CA_94536_M29175-68174,100-Black-Mountain-Cir_Fremont_CA_94536
https://ap.rdcpix.com/33cb3ce1fda944eb6660f3416960875cl-m1025835679xd-r3_w60_h60_q80.jpg,https://www.realtor.com/realestateandhomes-detail/100-Black-Mountain-Cir_Fremont_CA_94536_M29175-68174,100-Black-Mountain-Cir_Fremont_CA_94536
https://ap.rdcpix.com/33cb3ce1fda944eb6660f3416960875cl-m3874086572xd-r3_w60_h60_q80.jpg,https://www.realtor.com/realestateandhomes-detail/100-Black-Mountain-Cir_Fremont_CA_94536_M29175-68174,100-Black-Mountain-Cir_Fremont_CA_94536
https://ap.rdcpix.com/33cb3ce1fda944eb6660f3416960875cl-m3874086572xd-r3_w60_h60_q80.jpg,https://www.realtor.com/realestateandhomes-detail/108-Emory-Cmn_Fremont_CA_94539_M14202-11841,108-Emory-Cmn_Fremont_CA_94539
https://ap.rdcpix.com/33cb3ce1fda944eb6660f3416960875cl-m1065303919xd-r3_w60_h60_q80.jpg,https://www.realtor.com/realestateandhomes-detail/108-Emory-Cmn_Fremont_CA_94539_M14202-11841,108-Emory-Cmn_Fremont_CA_94539
https://ap.rdcpix.com/33cb3ce1fda944eb6660f3416960875cl-m1401207028xd-r3_w60_h60_q80.jpg,https://www.realtor.com/realestateandhomes-detail/108-Emory-Cmn_Fremont_CA_94539_M14202-11841,108-Emory-Cmn_Fremont_CA_94539
https://ap.rdcpix.com/33cb3ce1fda944eb6660f3416960875cl-m1982132875xd-r3_w60_h60_q80.jpg,https://www.realtor.com/realestateandhomes-detail/108-Emory-Cmn_Fremont_CA_94539_M14202-11841,108-Emory-Cmn_Fremont_CA_94539
https://ap.rdcpix.com/33cb3ce1fda944eb6660f3416960875cl-m1667225455xd-r3_w60_h60_q80.jpg,https://www.realtor.com/realestateandhomes-detail/108-Emory-Cmn_Fremont_CA_94539_M14202-11841,108-Emory-Cmn_Fremont_CA_94539
https://ap.rdcpix.com/33cb3ce1fda944eb6660f3416960875cl-m3496022374xd-r3_w60_h60_q80.jpg,https://www.realtor.com/realestateandhomes-detail/108-Emory-Cmn_Fremont_CA_94539_M14202-11841,108-Emory-Cmn_Fremont_CA_94539
https://ap.rdcpix.com/33cb3ce1fda944eb6660f3416960875cl-m3940178193xd-r3_w60_h60_q80.jpg,https://www.realtor.com/realestateandhomes-detail/108-Emory-Cmn_Fremont_CA_94539_M14202-11841,108-Emory-Cmn_Fremont_CA_94539
https://ap.rdcpix.com/33cb3ce1fda944eb6660f3416960875cl-m2250719783xd-r3_w60_h60_q80.jpg,https://www.realtor.com/realestateandhomes-detail/108-Emory-Cmn_Fremont_CA_94539_M14202-11841,108-Emory-Cmn_Fremont_CA_94539
https://ap.rdcpix.com/33cb3ce1fda944eb6660f3416960875cl-m310964043xd-r3_w60_h60_q80.jpg,https://www.realtor.com/realestateandhomes-detail/108-Emory-Cmn_Fremont_CA_94539_M14202-11841,108-Emory-Cmn_Fremont_CA_94539
https://ap.rdcpix.com/33cb3ce1fda944eb6660f3416960875cl-m3790738440xd-r3_w60_h60_q80.jpg,https://www.realtor.com/realestateandhomes-detail/108-Emory-Cmn_Fremont_CA_94539_M14202-11841,108-Emory-Cmn_Fremont_CA_94539
https://ap.rdcpix.com/33cb3ce1fda944eb6660f3416960875cl-m544994688xd-r3_w60_h60_q80.jpg,https://www.realtor.com/realestateandhomes-detail/108-Emory-Cmn_Fremont_CA_94539_M14202-11841,108-Emory-Cmn_Fremont_CA_94539
https://ap.rdcpix.com/33cb3ce1fda944eb6660f3416960875cl-m2509172386xd-r3_w60_h60_q80.jpg,https://www.realtor.com/realestateandhomes-detail/108-Emory-Cmn_Fremont_CA_94539_M14202-11841,108-Emory-Cmn_Fremont_CA_94539
https://ap.rdcpix.com/33cb3ce1fda944eb6660f3416960875cl-m3728722973xd-r3_w60_h60_q80.jpg,https://www.realtor.com/realestateandhomes-detail/108-Emory-Cmn_Fremont_CA_94539_M14202-11841,108-Emory-Cmn_Fremont_CA_94539
https://ap.rdcpix.com/33cb3ce1fda944eb6660f3416960875cl-m4202808900xd-r3_w60_h60_q80.jpg,https://www.realtor.com/realestateandhomes-detail/108-Emory-Cmn_Fremont_CA_94539_M14202-11841,108-Emory-Cmn_Fremont_CA_94539
https://ap.rdcpix.com/33cb3ce1fda944eb6660f3416960875cl-m1111300636xd-r3_w60_h60_q80.jpg,https://www.realtor.com/realestateandhomes-detail/108-Emory-Cmn_Fremont_CA_94539_M14202-11841,108-Emory-Cmn_Fremont_CA_94539
https://ap.rdcpix.com/33cb3ce1fda944eb6660f3416960875cl-m2866799097xd-r3_w60_h60_q80.jpg,https://www.realtor.com/realestateandhomes-detail/108-Emory-Cmn_Fremont_CA_94539_M14202-11841,108-Emory-Cmn_Fremont_CA_94539
https://ap.rdcpix.com/33cb3ce1fda944eb6660f3416960875cl-m1675240710xd-r3_w60_h60_q80.jpg,https://www.realtor.com/realestateandhomes-detail/108-Emory-Cmn_Fremont_CA_94539_M14202-11841,108-Emory-Cmn_Fremont_CA_94539
https://ap.rdcpix.com/33cb3ce1fda944eb6660f3416960875cl-m1235737125xd-r3_w60_h60_q80.jpg,https://www.realtor.com/realestateandhomes-detail/108-Emory-Cmn_Fremont_CA_94539_M14202-11841,108-Emory-Cmn_Fremont_CA_94539
https://ap.rdcpix.com/33cb3ce1fda944eb6660f3416960875cl-m3006548284xd-r3_w60_h60_q80.jpg,https://www.realtor.com/realestateandhomes-detail/108-Emory-Cmn_Fremont_CA_94539_M14202-11841,108-Emory-Cmn_Fremont_CA_94539
https://ap.rdcpix.com/33cb3ce1fda944eb6660f3416960875cl-m3284520058xd-r3_w60_h60_q80.jpg,https://www.realtor.com/realestateandhomes-detail/108-Emory-Cmn_Fremont_CA_94539_M14202-11841,108-Emory-Cmn_Fremont_CA_94539
https://ap.rdcpix.com/33cb3ce1fda944eb6660f3416960875cl-m2547909789xd-r3_w60_h60_q80.jpg,https://www.realtor.com/realestateandhomes-detail/108-Emory-Cmn_Fremont_CA_94539_M14202-11841,108-Emory-Cmn_Fremont_CA_94539
https://ap.rdcpix.com/33cb3ce1fda944eb6660f3416960875cl-m457290400xd-r3_w60_h60_q80.jpg,https://www.realtor.com/realestateandhomes-detail/108-Emory-Cmn_Fremont_CA_94539_M14202-11841,108-Emory-Cmn_Fremont_CA_94539
https://ap.rdcpix.com/33cb3ce1fda944eb6660f3416960875cl-m2861631716xd-r3_w60_h60_q80.jpg,https://www.realtor.com/realestateandhomes-detail/108-Emory-Cmn_Fremont_CA_94539_M14202-11841,108-Emory-Cmn_Fremont_CA_94539
https://ap.rdcpix.com/33cb3ce1fda944eb6660f3416960875cl-m3051028267xd-r3_w60_h60_q80.jpg,https://www.realtor.com/realestateandhomes-detail/108-Emory-Cmn_Fremont_CA_94539_M14202-11841,108-Emory-Cmn_Fremont_CA_94539
https://ap.rdcpix.com/33cb3ce1fda944eb6660f3416960875cl-m3373286298xd-r3_w60_h60_q80.jpg,https://www.realtor.com/realestateandhomes-detail/108-Emory-Cmn_Fremont_CA_94539_M14202-11841,108-Emory-Cmn_Fremont_CA_94539
https://ap.rdcpix.com/33cb3ce1fda944eb6660f3416960875cl-m2084968211xd-r3_w60_h60_q80.jpg,https://www.realtor.com/realestateandhomes-detail/108-Emory-Cmn_Fremont_CA_94539_M14202-11841,108-Emory-Cmn_Fremont_CA_94539
https://ap.rdcpix.com/33cb3ce1fda944eb6660f3416960875cl-m1484534540xd-r3_w60_h60_q80.jpg,https://www.realtor.com/realestateandhomes-detail/108-Emory-Cmn_Fremont_CA_94539_M14202-11841,108-Emory-Cmn_Fremont_CA_94539
https://ap.rdcpix.com/33cb3ce1fda944eb6660f3416960875cl-m2467597600xd-r3_w60_h60_q80.jpg,https://www.realtor.com/realestateandhomes-detail/108-Emory-Cmn_Fremont_CA_94539_M14202-11841,108-Emory-Cmn_Fremont_CA_94539
https://ap.rdcpix.com/33cb3ce1fda944eb6660f3416960875cl-m3230080498xd-r3_w60_h60_q80.jpg,https://www.realtor.com/realestateandhomes-detail/108-Emory-Cmn_Fremont_CA_94539_M14202-11841,108-Emory-Cmn_Fremont_CA_94539
https://ap.rdcpix.com/33cb3ce1fda944eb6660f3416960875cl-m395510155xd-r3_w60_h60_q80.jpg,https://www.realtor.com/realestateandhomes-detail/108-Emory-Cmn_Fremont_CA_94539_M14202-11841,108-Emory-Cmn_Fremont_CA_94539
https://ap.rdcpix.com/33cb3ce1fda944eb6660f3416960875cl-m1358400703xd-r3_w60_h60_q80.jpg,https://www.realtor.com/realestateandhomes-detail/108-Emory-Cmn_Fremont_CA_94539_M14202-11841,108-Emory-Cmn_Fremont_CA_94539
https://ap.rdcpix.com/33cb3ce1fda944eb6660f3416960875cl-m3695102493xd-r3_w60_h60_q80.jpg,https://www.realtor.com/realestateandhomes-detail/108-Emory-Cmn_Fremont_CA_94539_M14202-11841,108-Emory-Cmn_Fremont_CA_94539
https://ap.rdcpix.com/33cb3ce1fda944eb6660f3416960875cl-m2551097608xd-r3_w60_h60_q80.jpg,https://www.realtor.com/realestateandhomes-detail/108-Emory-Cmn_Fremont_CA_94539_M14202-11841,108-Emory-Cmn_Fremont_CA_94539
https://ap.rdcpix.com/33cb3ce1fda944eb6660f3416960875cl-m2001897734xd-r3_w60_h60_q80.jpg,https://www.realtor.com/realestateandhomes-detail/108-Emory-Cmn_Fremont_CA_94539_M14202-11841,108-Emory-Cmn_Fremont_CA_94539
https://ap.rdcpix.com/33cb3ce1fda944eb6660f3416960875cl-m4264160559xd-r3_w60_h60_q80.jpg,https://www.realtor.com/realestateandhomes-detail/108-Emory-Cmn_Fremont_CA_94539_M14202-11841,108-Emory-Cmn_Fremont_CA_94539
https://ap.rdcpix.com/33cb3ce1fda944eb6660f3416960875cl-m185856241xd-r3_w60_h60_q80.jpg,https://www.realtor.com/realestateandhomes-detail/108-Emory-Cmn_Fremont_CA_94539_M14202-11841,108-Emory-Cmn_Fremont_CA_94539
https://ap.rdcpix.com/33cb3ce1fda944eb6660f3416960875cl-m3908524737xd-r3_w60_h60_q80.jpg,https://www.realtor.com/realestateandhomes-detail/108-Emory-Cmn_Fremont_CA_94539_M14202-11841,108-Emory-Cmn_Fremont_CA_94539
https://ap.rdcpix.com/33cb3ce1fda944eb6660f3416960875cl-m610828166xd-r3_w60_h60_q80.jpg,https://www.realtor.com/realestateandhomes-detail/108-Emory-Cmn_Fremont_CA_94539_M14202-11841,108-Emory-Cmn_Fremont_CA_94539
https://ap.rdcpix.com/33cb3ce1fda944eb6660f3416960875cl-m2330249468xd-r3_w60_h60_q80.jpg,https://www.realtor.com/realestateandhomes-detail/108-Emory-Cmn_Fremont_CA_94539_M14202-11841,108-Emory-Cmn_Fremont_CA_94539
https://ap.rdcpix.com/33cb3ce1fda944eb6660f3416960875cl-m1025835679xd-r3_w60_h60_q80.jpg,https://www.realtor.com/realestateandhomes-detail/108-Emory-Cmn_Fremont_CA_94539_M14202-11841,108-Emory-Cmn_Fremont_CA_94539
https://ap.rdcpix.com/33cb3ce1fda944eb6660f3416960875cl-m3874086572xd-r3_w60_h60_q80.jpg,https://www.realtor.com/realestateandhomes-detail/108-Emory-Cmn_Fremont_CA_94539_M14202-11841,108-Emory-Cmn_Fremont_CA_94539
https://ap.rdcpix.com/33cb3ce1fda944eb6660f3416960875cl-m3874086572xd-r3_w60_h60_q80.jpg,https://www.realtor.com/realestateandhomes-detail/1175-Saguare-Ter_Fremont_CA_94539_M13565-91451,1175-Saguare-Ter_Fremont_CA_94539
https://ap.rdcpix.com/33cb3ce1fda944eb6660f3416960875cl-m1065303919xd-r3_w60_h60_q80.jpg,https://www.realtor.com/realestateandhomes-detail/1175-Saguare-Ter_Fremont_CA_94539_M13565-91451,1175-Saguare-Ter_Fremont_CA_94539
https://ap.rdcpix.com/33cb3ce1fda944eb6660f3416960875cl-m1401207028xd-r3_w60_h60_q80.jpg,https://www.realtor.com/realestateandhomes-detail/1175-Saguare-Ter_Fremont_CA_94539_M13565-91451,1175-Saguare-Ter_Fremont_CA_94539
https://ap.rdcpix.com/33cb3ce1fda944eb6660f3416960875cl-m1982132875xd-r3_w60_h60_q80.jpg,https://www.realtor.com/realestateandhomes-detail/1175-Saguare-Ter_Fremont_CA_94539_M13565-91451,1175-Saguare-Ter_Fremont_CA_94539
https://ap.rdcpix.com/33cb3ce1fda944eb6660f3416960875cl-m1667225455xd-r3_w60_h60_q80.jpg,https://www.realtor.com/realestateandhomes-detail/1175-Saguare-Ter_Fremont_CA_94539_M13565-91451,1175-Saguare-Ter_Fremont_CA_94539
https://ap.rdcpix.com/33cb3ce1fda944eb6660f3416960875cl-m3496022374xd-r3_w60_h60_q80.jpg,https://www.realtor.com/realestateandhomes-detail/1175-Saguare-Ter_Fremont_CA_94539_M13565-91451,1175-Saguare-Ter_Fremont_CA_94539
https://ap.rdcpix.com/33cb3ce1fda944eb6660f3416960875cl-m3940178193xd-r3_w60_h60_q80.jpg,https://www.realtor.com/realestateandhomes-detail/1175-Saguare-Ter_Fremont_CA_94539_M13565-91451,1175-Saguare-Ter_Fremont_CA_94539
https://ap.rdcpix.com/33cb3ce1fda944eb6660f3416960875cl-m2250719783xd-r3_w60_h60_q80.jpg,https://www.realtor.com/realestateandhomes-detail/1175-Saguare-Ter_Fremont_CA_94539_M13565-91451,1175-Saguare-Ter_Fremont_CA_94539
https://ap.rdcpix.com/33cb3ce1fda944eb6660f3416960875cl-m310964043xd-r3_w60_h60_q80.jpg,https://www.realtor.com/realestateandhomes-detail/1175-Saguare-Ter_Fremont_CA_94539_M13565-91451,1175-Saguare-Ter_Fremont_CA_94539
https://ap.rdcpix.com/33cb3ce1fda944eb6660f3416960875cl-m3790738440xd-r3_w60_h60_q80.jpg,https://www.realtor.com/realestateandhomes-detail/1175-Saguare-Ter_Fremont_CA_94539_M13565-91451,1175-Saguare-Ter_Fremont_CA_94539
https://ap.rdcpix.com/33cb3ce1fda944eb6660f3416960875cl-m544994688xd-r3_w60_h60_q80.jpg,https://www.realtor.com/realestateandhomes-detail/1175-Saguare-Ter_Fremont_CA_94539_M13565-91451,1175-Saguare-Ter_Fremont_CA_94539
https://ap.rdcpix.com/33cb3ce1fda944eb6660f3416960875cl-m2509172386xd-r3_w60_h60_q80.jpg,https://www.realtor.com/realestateandhomes-detail/1175-Saguare-Ter_Fremont_CA_94539_M13565-91451,1175-Saguare-Ter_Fremont_CA_94539
https://ap.rdcpix.com/33cb3ce1fda944eb6660f3416960875cl-m3728722973xd-r3_w60_h60_q80.jpg,https://www.realtor.com/realestateandhomes-detail/1175-Saguare-Ter_Fremont_CA_94539_M13565-91451,1175-Saguare-Ter_Fremont_CA_94539
https://ap.rdcpix.com/33cb3ce1fda944eb6660f3416960875cl-m4202808900xd-r3_w60_h60_q80.jpg,https://www.realtor.com/realestateandhomes-detail/1175-Saguare-Ter_Fremont_CA_94539_M13565-91451,1175-Saguare-Ter_Fremont_CA_94539
https://ap.rdcpix.com/33cb3ce1fda944eb6660f3416960875cl-m1111300636xd-r3_w60_h60_q80.jpg,https://www.realtor.com/realestateandhomes-detail/1175-Saguare-Ter_Fremont_CA_94539_M13565-91451,1175-Saguare-Ter_Fremont_CA_94539
https://ap.rdcpix.com/33cb3ce1fda944eb6660f3416960875cl-m2866799097xd-r3_w60_h60_q80.jpg,https://www.realtor.com/realestateandhomes-detail/1175-Saguare-Ter_Fremont_CA_94539_M13565-91451,1175-Saguare-Ter_Fremont_CA_94539
https://ap.rdcpix.com/33cb3ce1fda944eb6660f3416960875cl-m1675240710xd-r3_w60_h60_q80.jpg,https://www.realtor.com/realestateandhomes-detail/1175-Saguare-Ter_Fremont_CA_94539_M13565-91451,1175-Saguare-Ter_Fremont_CA_94539
https://ap.rdcpix.com/33cb3ce1fda944eb6660f3416960875cl-m1235737125xd-r3_w60_h60_q80.jpg,https://www.realtor.com/realestateandhomes-detail/1175-Saguare-Ter_Fremont_CA_94539_M13565-91451,1175-Saguare-Ter_Fremont_CA_94539
https://ap.rdcpix.com/33cb3ce1fda944eb6660f3416960875cl-m3006548284xd-r3_w60_h60_q80.jpg,https://www.realtor.com/realestateandhomes-detail/1175-Saguare-Ter_Fremont_CA_94539_M13565-91451,1175-Saguare-Ter_Fremont_CA_94539
https://ap.rdcpix.com/33cb3ce1fda944eb6660f3416960875cl-m3284520058xd-r3_w60_h60_q80.jpg,https://www.realtor.com/realestateandhomes-detail/1175-Saguare-Ter_Fremont_CA_94539_M13565-91451,1175-Saguare-Ter_Fremont_CA_94539
https://ap.rdcpix.com/33cb3ce1fda944eb6660f3416960875cl-m2547909789xd-r3_w60_h60_q80.jpg,https://www.realtor.com/realestateandhomes-detail/1175-Saguare-Ter_Fremont_CA_94539_M13565-91451,1175-Saguare-Ter_Fremont_CA_94539
https://ap.rdcpix.com/33cb3ce1fda944eb6660f3416960875cl-m457290400xd-r3_w60_h60_q80.jpg,https://www.realtor.com/realestateandhomes-detail/1175-Saguare-Ter_Fremont_CA_94539_M13565-91451,1175-Saguare-Ter_Fremont_CA_94539
https://ap.rdcpix.com/33cb3ce1fda944eb6660f3416960875cl-m2861631716xd-r3_w60_h60_q80.jpg,https://www.realtor.com/realestateandhomes-detail/1175-Saguare-Ter_Fremont_CA_94539_M13565-91451,1175-Saguare-Ter_Fremont_CA_94539
https://ap.rdcpix.com/33cb3ce1fda944eb6660f3416960875cl-m3051028267xd-r3_w60_h60_q80.jpg,https://www.realtor.com/realestateandhomes-detail/1175-Saguare-Ter_Fremont_CA_94539_M13565-91451,1175-Saguare-Ter_Fremont_CA_94539
https://ap.rdcpix.com/33cb3ce1fda944eb6660f3416960875cl-m3373286298xd-r3_w60_h60_q80.jpg,https://www.realtor.com/realestateandhomes-detail/1175-Saguare-Ter_Fremont_CA_94539_M13565-91451,1175-Saguare-Ter_Fremont_CA_94539
https://ap.rdcpix.com/33cb3ce1fda944eb6660f3416960875cl-m2084968211xd-r3_w60_h60_q80.jpg,https://www.realtor.com/realestateandhomes-detail/1175-Saguare-Ter_Fremont_CA_94539_M13565-91451,1175-Saguare-Ter_Fremont_CA_94539
https://ap.rdcpix.com/33cb3ce1fda944eb6660f3416960875cl-m1484534540xd-r3_w60_h60_q80.jpg,https://www.realtor.com/realestateandhomes-detail/1175-Saguare-Ter_Fremont_CA_94539_M13565-91451,1175-Saguare-Ter_Fremont_CA_94539
https://ap.rdcpix.com/33cb3ce1fda944eb6660f3416960875cl-m2467597600xd-r3_w60_h60_q80.jpg,https://www.realtor.com/realestateandhomes-detail/1175-Saguare-Ter_Fremont_CA_94539_M13565-91451,1175-Saguare-Ter_Fremont_CA_94539
https://ap.rdcpix.com/33cb3ce1fda944eb6660f3416960875cl-m3230080498xd-r3_w60_h60_q80.jpg,https://www.realtor.com/realestateandhomes-detail/1175-Saguare-Ter_Fremont_CA_94539_M13565-91451,1175-Saguare-Ter_Fremont_CA_94539
https://ap.rdcpix.com/33cb3ce1fda944eb6660f3416960875cl-m395510155xd-r3_w60_h60_q80.jpg,https://www.realtor.com/realestateandhomes-detail/1175-Saguare-Ter_Fremont_CA_94539_M13565-91451,1175-Saguare-Ter_Fremont_CA_94539
https://ap.rdcpix.com/33cb3ce1fda944eb6660f3416960875cl-m1358400703xd-r3_w60_h60_q80.jpg,https://www.realtor.com/realestateandhomes-detail/1175-Saguare-Ter_Fremont_CA_94539_M13565-91451,1175-Saguare-Ter_Fremont_CA_94539
https://ap.rdcpix.com/33cb3ce1fda944eb6660f3416960875cl-m3695102493xd-r3_w60_h60_q80.jpg,https://www.realtor.com/realestateandhomes-detail/1175-Saguare-Ter_Fremont_CA_94539_M13565-91451,1175-Saguare-Ter_Fremont_CA_94539
https://ap.rdcpix.com/33cb3ce1fda944eb6660f3416960875cl-m2551097608xd-r3_w60_h60_q80.jpg,https://www.realtor.com/realestateandhomes-detail/1175-Saguare-Ter_Fremont_CA_94539_M13565-91451,1175-Saguare-Ter_Fremont_CA_94539
https://ap.rdcpix.com/33cb3ce1fda944eb6660f3416960875cl-m2001897734xd-r3_w60_h60_q80.jpg,https://www.realtor.com/realestateandhomes-detail/1175-Saguare-Ter_Fremont_CA_94539_M13565-91451,1175-Saguare-Ter_Fremont_CA_94539
https://ap.rdcpix.com/33cb3ce1fda944eb6660f3416960875cl-m4264160559xd-r3_w60_h60_q80.jpg,https://www.realtor.com/realestateandhomes-detail/1175-Saguare-Ter_Fremont_CA_94539_M13565-91451,1175-Saguare-Ter_Fremont_CA_94539
https://ap.rdcpix.com/33cb3ce1fda944eb6660f3416960875cl-m185856241xd-r3_w60_h60_q80.jpg,https://www.realtor.com/realestateandhomes-detail/1175-Saguare-Ter_Fremont_CA_94539_M13565-91451,1175-Saguare-Ter_Fremont_CA_94539
https://ap.rdcpix.com/33cb3ce1fda944eb6660f3416960875cl-m3908524737xd-r3_w60_h60_q80.jpg,https://www.realtor.com/realestateandhomes-detail/1175-Saguare-Ter_Fremont_CA_94539_M13565-91451,1175-Saguare-Ter_Fremont_CA_94539
https://ap.rdcpix.com/33cb3ce1fda944eb6660f3416960875cl-m610828166xd-r3_w60_h60_q80.jpg,https://www.realtor.com/realestateandhomes-detail/1175-Saguare-Ter_Fremont_CA_94539_M13565-91451,1175-Saguare-Ter_Fremont_CA_94539
https://ap.rdcpix.com/33cb3ce1fda944eb6660f3416960875cl-m2330249468xd-r3_w60_h60_q80.jpg,https://www.realtor.com/realestateandhomes-detail/1175-Saguare-Ter_Fremont_CA_94539_M13565-91451,1175-Saguare-Ter_Fremont_CA_94539
https://ap.rdcpix.com/33cb3ce1fda944eb6660f3416960875cl-m1025835679xd-r3_w60_h60_q80.jpg,https://www.realtor.com/realestateandhomes-detail/1175-Saguare-Ter_Fremont_CA_94539_M13565-91451,1175-Saguare-Ter_Fremont_CA_94539
https://ap.rdcpix.com/33cb3ce1fda944eb6660f3416960875cl-m3874086572xd-r3_w60_h60_q80.jpg,https://www.realtor.com/realestateandhomes-detail/1175-Saguare-Ter_Fremont_CA_94539_M13565-91451,1175-Saguare-Ter_Fremont_CA_94539
https://ap.rdcpix.com/33cb3ce1fda944eb6660f3416960875cl-m3874086572xd-r3_w60_h60_q80.jpg,https://www.realtor.com/realestateandhomes-detail/169-Rabbit-Ct_Fremont_CA_94539_M15659-88782,169-Rabbit-Ct_Fremont_CA_94539
https://ap.rdcpix.com/33cb3ce1fda944eb6660f3416960875cl-m1065303919xd-r3_w60_h60_q80.jpg,https://www.realtor.com/realestateandhomes-detail/169-Rabbit-Ct_Fremont_CA_94539_M15659-88782,169-Rabbit-Ct_Fremont_CA_94539
https://ap.rdcpix.com/33cb3ce1fda944eb6660f3416960875cl-m1401207028xd-r3_w60_h60_q80.jpg,https://www.realtor.com/realestateandhomes-detail/169-Rabbit-Ct_Fremont_CA_94539_M15659-88782,169-Rabbit-Ct_Fremont_CA_94539
https://ap.rdcpix.com/33cb3ce1fda944eb6660f3416960875cl-m1982132875xd-r3_w60_h60_q80.jpg,https://www.realtor.com/realestateandhomes-detail/169-Rabbit-Ct_Fremont_CA_94539_M15659-88782,169-Rabbit-Ct_Fremont_CA_94539
https://ap.rdcpix.com/33cb3ce1fda944eb6660f3416960875cl-m1667225455xd-r3_w60_h60_q80.jpg,https://www.realtor.com/realestateandhomes-detail/169-Rabbit-Ct_Fremont_CA_94539_M15659-88782,169-Rabbit-Ct_Fremont_CA_94539
https://ap.rdcpix.com/33cb3ce1fda944eb6660f3416960875cl-m3496022374xd-r3_w60_h60_q80.jpg,https://www.realtor.com/realestateandhomes-detail/169-Rabbit-Ct_Fremont_CA_94539_M15659-88782,169-Rabbit-Ct_Fremont_CA_94539
https://ap.rdcpix.com/33cb3ce1fda944eb6660f3416960875cl-m3940178193xd-r3_w60_h60_q80.jpg,https://www.realtor.com/realestateandhomes-detail/169-Rabbit-Ct_Fremont_CA_94539_M15659-88782,169-Rabbit-Ct_Fremont_CA_94539
https://ap.rdcpix.com/33cb3ce1fda944eb6660f3416960875cl-m2250719783xd-r3_w60_h60_q80.jpg,https://www.realtor.com/realestateandhomes-detail/169-Rabbit-Ct_Fremont_CA_94539_M15659-88782,169-Rabbit-Ct_Fremont_CA_94539
https://ap.rdcpix.com/33cb3ce1fda944eb6660f3416960875cl-m310964043xd-r3_w60_h60_q80.jpg,https://www.realtor.com/realestateandhomes-detail/169-Rabbit-Ct_Fremont_CA_94539_M15659-88782,169-Rabbit-Ct_Fremont_CA_94539
https://ap.rdcpix.com/33cb3ce1fda944eb6660f3416960875cl-m3790738440xd-r3_w60_h60_q80.jpg,https://www.realtor.com/realestateandhomes-detail/169-Rabbit-Ct_Fremont_CA_94539_M15659-88782,169-Rabbit-Ct_Fremont_CA_94539
https://ap.rdcpix.com/33cb3ce1fda944eb6660f3416960875cl-m544994688xd-r3_w60_h60_q80.jpg,https://www.realtor.com/realestateandhomes-detail/169-Rabbit-Ct_Fremont_CA_94539_M15659-88782,169-Rabbit-Ct_Fremont_CA_94539
https://ap.rdcpix.com/33cb3ce1fda944eb6660f3416960875cl-m2509172386xd-r3_w60_h60_q80.jpg,https://www.realtor.com/realestateandhomes-detail/169-Rabbit-Ct_Fremont_CA_94539_M15659-88782,169-Rabbit-Ct_Fremont_CA_94539
https://ap.rdcpix.com/33cb3ce1fda944eb6660f3416960875cl-m3728722973xd-r3_w60_h60_q80.jpg,https://www.realtor.com/realestateandhomes-detail/169-Rabbit-Ct_Fremont_CA_94539_M15659-88782,169-Rabbit-Ct_Fremont_CA_94539
https://ap.rdcpix.com/33cb3ce1fda944eb6660f3416960875cl-m4202808900xd-r3_w60_h60_q80.jpg,https://www.realtor.com/realestateandhomes-detail/169-Rabbit-Ct_Fremont_CA_94539_M15659-88782,169-Rabbit-Ct_Fremont_CA_94539
https://ap.rdcpix.com/33cb3ce1fda944eb6660f3416960875cl-m1111300636xd-r3_w60_h60_q80.jpg,https://www.realtor.com/realestateandhomes-detail/169-Rabbit-Ct_Fremont_CA_94539_M15659-88782,169-Rabbit-Ct_Fremont_CA_94539
https://ap.rdcpix.com/33cb3ce1fda944eb6660f3416960875cl-m2866799097xd-r3_w60_h60_q80.jpg,https://www.realtor.com/realestateandhomes-detail/169-Rabbit-Ct_Fremont_CA_94539_M15659-88782,169-Rabbit-Ct_Fremont_CA_94539
https://ap.rdcpix.com/33cb3ce1fda944eb6660f3416960875cl-m1675240710xd-r3_w60_h60_q80.jpg,https://www.realtor.com/realestateandhomes-detail/169-Rabbit-Ct_Fremont_CA_94539_M15659-88782,169-Rabbit-Ct_Fremont_CA_94539
https://ap.rdcpix.com/33cb3ce1fda944eb6660f3416960875cl-m1235737125xd-r3_w60_h60_q80.jpg,https://www.realtor.com/realestateandhomes-detail/169-Rabbit-Ct_Fremont_CA_94539_M15659-88782,169-Rabbit-Ct_Fremont_CA_94539
https://ap.rdcpix.com/33cb3ce1fda944eb6660f3416960875cl-m3006548284xd-r3_w60_h60_q80.jpg,https://www.realtor.com/realestateandhomes-detail/169-Rabbit-Ct_Fremont_CA_94539_M15659-88782,169-Rabbit-Ct_Fremont_CA_94539
https://ap.rdcpix.com/33cb3ce1fda944eb6660f3416960875cl-m3284520058xd-r3_w60_h60_q80.jpg,https://www.realtor.com/realestateandhomes-detail/169-Rabbit-Ct_Fremont_CA_94539_M15659-88782,169-Rabbit-Ct_Fremont_CA_94539
https://ap.rdcpix.com/33cb3ce1fda944eb6660f3416960875cl-m2547909789xd-r3_w60_h60_q80.jpg,https://www.realtor.com/realestateandhomes-detail/169-Rabbit-Ct_Fremont_CA_94539_M15659-88782,169-Rabbit-Ct_Fremont_CA_94539
https://ap.rdcpix.com/33cb3ce1fda944eb6660f3416960875cl-m457290400xd-r3_w60_h60_q80.jpg,https://www.realtor.com/realestateandhomes-detail/169-Rabbit-Ct_Fremont_CA_94539_M15659-88782,169-Rabbit-Ct_Fremont_CA_94539
https://ap.rdcpix.com/33cb3ce1fda944eb6660f3416960875cl-m2861631716xd-r3_w60_h60_q80.jpg,https://www.realtor.com/realestateandhomes-detail/169-Rabbit-Ct_Fremont_CA_94539_M15659-88782,169-Rabbit-Ct_Fremont_CA_94539
https://ap.rdcpix.com/33cb3ce1fda944eb6660f3416960875cl-m3051028267xd-r3_w60_h60_q80.jpg,https://www.realtor.com/realestateandhomes-detail/169-Rabbit-Ct_Fremont_CA_94539_M15659-88782,169-Rabbit-Ct_Fremont_CA_94539
https://ap.rdcpix.com/33cb3ce1fda944eb6660f3416960875cl-m3373286298xd-r3_w60_h60_q80.jpg,https://www.realtor.com/realestateandhomes-detail/169-Rabbit-Ct_Fremont_CA_94539_M15659-88782,169-Rabbit-Ct_Fremont_CA_94539
https://ap.rdcpix.com/33cb3ce1fda944eb6660f3416960875cl-m2084968211xd-r3_w60_h60_q80.jpg,https://www.realtor.com/realestateandhomes-detail/169-Rabbit-Ct_Fremont_CA_94539_M15659-88782,169-Rabbit-Ct_Fremont_CA_94539
https://ap.rdcpix.com/33cb3ce1fda944eb6660f3416960875cl-m1484534540xd-r3_w60_h60_q80.jpg,https://www.realtor.com/realestateandhomes-detail/169-Rabbit-Ct_Fremont_CA_94539_M15659-88782,169-Rabbit-Ct_Fremont_CA_94539
https://ap.rdcpix.com/33cb3ce1fda944eb6660f3416960875cl-m2467597600xd-r3_w60_h60_q80.jpg,https://www.realtor.com/realestateandhomes-detail/169-Rabbit-Ct_Fremont_CA_94539_M15659-88782,169-Rabbit-Ct_Fremont_CA_94539
https://ap.rdcpix.com/33cb3ce1fda944eb6660f3416960875cl-m3230080498xd-r3_w60_h60_q80.jpg,https://www.realtor.com/realestateandhomes-detail/169-Rabbit-Ct_Fremont_CA_94539_M15659-88782,169-Rabbit-Ct_Fremont_CA_94539
https://ap.rdcpix.com/33cb3ce1fda944eb6660f3416960875cl-m395510155xd-r3_w60_h60_q80.jpg,https://www.realtor.com/realestateandhomes-detail/169-Rabbit-Ct_Fremont_CA_94539_M15659-88782,169-Rabbit-Ct_Fremont_CA_94539
https://ap.rdcpix.com/33cb3ce1fda944eb6660f3416960875cl-m1358400703xd-r3_w60_h60_q80.jpg,https://www.realtor.com/realestateandhomes-detail/169-Rabbit-Ct_Fremont_CA_94539_M15659-88782,169-Rabbit-Ct_Fremont_CA_94539
https://ap.rdcpix.com/33cb3ce1fda944eb6660f3416960875cl-m3695102493xd-r3_w60_h60_q80.jpg,https://www.realtor.com/realestateandhomes-detail/169-Rabbit-Ct_Fremont_CA_94539_M15659-88782,169-Rabbit-Ct_Fremont_CA_94539
https://ap.rdcpix.com/33cb3ce1fda944eb6660f3416960875cl-m2551097608xd-r3_w60_h60_q80.jpg,https://www.realtor.com/realestateandhomes-detail/169-Rabbit-Ct_Fremont_CA_94539_M15659-88782,169-Rabbit-Ct_Fremont_CA_94539
https://ap.rdcpix.com/33cb3ce1fda944eb6660f3416960875cl-m2001897734xd-r3_w60_h60_q80.jpg,https://www.realtor.com/realestateandhomes-detail/169-Rabbit-Ct_Fremont_CA_94539_M15659-88782,169-Rabbit-Ct_Fremont_CA_94539
https://ap.rdcpix.com/33cb3ce1fda944eb6660f3416960875cl-m4264160559xd-r3_w60_h60_q80.jpg,https://www.realtor.com/realestateandhomes-detail/169-Rabbit-Ct_Fremont_CA_94539_M15659-88782,169-Rabbit-Ct_Fremont_CA_94539
https://ap.rdcpix.com/33cb3ce1fda944eb6660f3416960875cl-m185856241xd-r3_w60_h60_q80.jpg,https://www.realtor.com/realestateandhomes-detail/169-Rabbit-Ct_Fremont_CA_94539_M15659-88782,169-Rabbit-Ct_Fremont_CA_94539
https://ap.rdcpix.com/33cb3ce1fda944eb6660f3416960875cl-m3908524737xd-r3_w60_h60_q80.jpg,https://www.realtor.com/realestateandhomes-detail/169-Rabbit-Ct_Fremont_CA_94539_M15659-88782,169-Rabbit-Ct_Fremont_CA_94539
https://ap.rdcpix.com/33cb3ce1fda944eb6660f3416960875cl-m610828166xd-r3_w60_h60_q80.jpg,https://www.realtor.com/realestateandhomes-detail/169-Rabbit-Ct_Fremont_CA_94539_M15659-88782,169-Rabbit-Ct_Fremont_CA_94539
https://ap.rdcpix.com/33cb3ce1fda944eb6660f3416960875cl-m2330249468xd-r3_w60_h60_q80.jpg,https://www.realtor.com/realestateandhomes-detail/169-Rabbit-Ct_Fremont_CA_94539_M15659-88782,169-Rabbit-Ct_Fremont_CA_94539
https://ap.rdcpix.com/33cb3ce1fda944eb6660f3416960875cl-m1025835679xd-r3_w60_h60_q80.jpg,https://www.realtor.com/realestateandhomes-detail/169-Rabbit-Ct_Fremont_CA_94539_M15659-88782,169-Rabbit-Ct_Fremont_CA_94539
https://ap.rdcpix.com/33cb3ce1fda944eb6660f3416960875cl-m3874086572xd-r3_w60_h60_q80.jpg,https://www.realtor.com/realestateandhomes-detail/169-Rabbit-Ct_Fremont_CA_94539_M15659-88782,169-Rabbit-Ct_Fremont_CA_94539
